子品类,SPU总数,在架SPU,动销SPU,在架动销率,销量件数,销量占比,GMV美金,S款数,A款数,B款数,在架零动销数,CR5内部,动销款均月销,退款率,均价美金
妈妈装 MOB,3065.0,1527.0,1012.0,0.6620825147347741,10077.0,0.3448901362174002,1362436.0,11.0,32.0,27.0,516.0,0.10092289371836856,9.957509881422926,0.04118289173365089,139.0
伴娘裙 BRIDESMAID,1828.0,834.0,533.0,0.6390887290167866,5368.0,0.18372236292696284,553500.0,6.0,14.0,16.0,301.0,0.18573025335320417,10.071294559099437,0.022540983606557378,110.0
婚纱 BRIDE,3473.0,1469.0,1063.0,0.7113682777399591,5302.0,0.18146348141556576,936752.0,1.0,7.0,13.0,424.0,0.08034703885326291,4.987770460959548,0.04602036967182195,179.0
晚礼服 EVENING,2728.0,1061.0,639.0,0.590951932139491,4737.0,0.1621260866589089,664007.0,6.0,10.0,16.0,434.0,0.1416508338610935,7.413145539906103,0.03673210892970234,149.0
舞会裙 PROM,2957.0,672.0,326.0,0.4851190476190476,1441.0,0.04931891299883633,205220.0,0.0,1.0,6.0,346.0,0.16446911866759195,4.420245398773006,0.01734906315058987,149.0
鸡尾酒裙 COCKTAIL,731.0,472.0,235.0,0.4978813559322034,1146.0,0.039222397152440275,136773.0,0.0,0.0,4.0,237.0,0.18324607329842932,4.876595744680851,0.034031413612565446,129.0
花童裙 FLOWER GIRL,383.0,234.0,105.0,0.4444444444444444,755.0,0.025840235471284823,55895.0,0.0,1.0,5.0,130.0,0.2847682119205298,7.190476190476191,0.010596026490066225,75.0
少女伴娘 JR BM,102.0,101.0,50.0,0.49504950495049505,214.0,0.007324252173317817,16443.0,0.0,0.0,0.0,51.0,0.4532710280373832,4.28,0.004672897196261682,79.0
返校节裙 HOCO,765.0,398.0,78.0,0.1934673366834171,178.0,0.006092134985283044,20150.0,0.0,0.0,0.0,321.0,0.34831460674157305,2.282051282051282,0.0056179775280898875,129.0
