品类,增速,现日均收入$,目标日均收入$,日均收入增量$,现日均订单,目标日均订单,日均订单增量,定档理由
Mother of the Bride,+50%,37133,55700,18566,268,402,134,"新款动销率66.7%/单款$857全盘最高,边际投入回报2.6倍于其他品类,设饱和预警线"
Bride,+35%,26329,35544,9215,140,188,49,"慢钱:新款回报滞后6-12个月,今年上新明年下半年才兑现,目标调低但上新不能停"
Evening,+75%,13955,24421,10466,93,162,70,"新品飞轮已验证(新品贡献41.7%收入),上新节奏全盘最快,维持即可"
Bridesmaid,+70%,13535,23009,9474,131,223,92,"新款动销率47.2%排第二,边际证据支持,但需避开与Azazie正面消耗战"
Prom,+30%,7664,9963,2299,49,63,15,"新款动销率21.4%/单款$157全盘最差,引擎未修好前不给高目标,先修动销"
Cocktail,+60%,3666,5866,2200,28,45,17,"新款尚可但价格带正面竞争Shein/Lulus,流量成本偏高,给中速"
Flower Girl,+40%,1358,1901,543,18,25,7,"新款样本太小且表现弱,已停止运营,低目标+重启上新观察"
其他品类(统一),+50%,3582,5373,1791,269,404,135,贡献比例不变
公司合计,+50.9%,107222,161777,54555,996,1513,518,
